smiles,mol_name,cmc_NegativeLogM,cmc_mM,temp,Notes,source,ichi_key,record_id,mol_id,article_id
CCCCOCCO,,0.01,977,25,,Correlation and prediction of critical micelle concentration using polar surface area and LFER methods,POAOYUHQDCAZBD-UHFFFAOYSA,R45374369,M8709,A130538
CC(C)COCCOCCOCCOCCOCCOCCO,,0.05,891,25,,Correlation and prediction of critical micelle concentration using polar surface area and LFER methods,YAXANHFNMATPNL-UHFFFAOYSA,R45374370,M99890287,A130538
CCCCOCCOCCOCCOCCOCCOCCO,,0.11,776,25,,Correlation and prediction of critical micelle concentration using polar surface area and LFER methods,LBFDMOHFDLVACT-UHFFFAOYSA,R45374371,M97680887,A130538
CCCCCCS(=O)CCCO,,0.60206,250,25,,"What Can Digitization Do For Formulated Product Innovation and
Development",FASABMFDYAQFKN-UHFFFAOYSA,R45374372,M99890322,A130538
CCCCCCS(=O)CCO,,0.60206,250,25,,"What Can Digitization Do For Formulated Product Innovation and
Development",BAWGXQNCDGPJEB-UHFFFAOYSA,R45374373,M99890321,A130538
CCCCCCS(=O)CCCCO,,0.67778,210,25,,"What Can Digitization Do For Formulated Product Innovation and
Development",VZTZHMKMWJXLKY-UHFFFAOYSA,R45374374,M99890323,A130538
CCCCCCS(=O)CCCCCO,,0.74473,180,25,,"What Can Digitization Do For Formulated Product Innovation and
Development",GQZSXIBZNBPYBW-UHFFFAOYSA,R45374375,M99890324,A130538
CCCCSC[C@H](O)[C@@H](O)[C@H](O)CO,,0.745,180,25,,QSPR Study of Critical Micelle Concentrations of Nonionic Surfactants,HAWJUMROAXOPDT-VGMNWLOBSA,R45374376,M99947246,A130538
CCCCC(=O)OCC(O)C(O)C(O)CO, ,0.9,126,25,,https://pubs.acs.org/doi/suppl/10.1021/acs.iecr.6b02890/suppl_file/ie6b02890_si_001.pdf,RQKGLDQEDHFNOF-UHFFFAOYSA,R45374362,M99934597,A130538
CCCC(=O)OC[C@H](O)[C@@H](O)[C@H](O)CO,C4-OCO-Xyl,0.921,120,25,,,WWPFNYWVSPGLSU-FJXKBIBVSA,R45374377,M99947247,A130538
CCCCCCOCCOCCOCCOCCOCCO,,0.94692,113,25,,"What Can Digitization Do For Formulated Product Innovation and
Development",SCRHZMGASXVJSJ-UHFFFAOYSA,R45374378,M1004039,A130538
CCCCCCOCCOCCOCCOCCO,,0.97469,106,25,,"What Can Digitization Do For Formulated Product Innovation and
Development",VUEUVIPIBVJLCY-UHFFFAOYSA,R45374379,M9191660,A130538
CCCCCCOCCOCCOCCO,,1,100,25,,Correlation and prediction of critical micelle concentration using polar surface area and LFER methods,RGICCULPCWNRAB-UHFFFAOYSA,R45374380,M36648,A130538
CCC(CC)COCCOCCOCCOCCOCCOCCO,,1.02,95.5,25,,Correlation and prediction of critical micelle concentration using polar surface area and LFER methods,HRNFPTXIJKMRHB-UHFFFAOYSA,R45374381,M99890288,A130538
CCCCCCOCCOCCOCCOCCOCCOCCO,,1.16,69.2,25,,Correlation and prediction of critical micelle concentration using polar surface area and LFER methods,ONRPEGOPOCAWTH-UHFFFAOYSA,R45374382,M97673358,A130538
CCCCCCCC(=O)N(C)CC(O)C(O)C(O)C(O)CO,Octanoyl-N-Methylglucamine,1.2,63.09573445,25,,https://pubs.acs.org/doi/suppl/10.1021/acs.iecr.6b02890/suppl_file/ie6b02890_si_001.pdf,,,,
CCCCOCC(O)C(O)C(O)CO, ,1.2,63.1,25,,https://pubs.acs.org/doi/suppl/10.1021/acs.iecr.6b02890/suppl_file/ie6b02890_si_001.pdf,TZHIJIPYJPIOJY-UHFFFAOYSA,R45374360,M99934591,A130538
CCCCCC(=O)OCC(O)C(O)C(O)CO,,1.2,63.1,25,,https://pubs.acs.org/doi/suppl/10.1021/acs.iecr.6b02890/suppl_file/ie6b02890_si_001.pdf,BQTCGGYQDWTYOY-UHFFFAOYSA,R45374361,M99934598,A130538
CCCCC(=O)OC[C@H](O)[C@@H](O)[C@H](O)CO,C5-OCO-Xyl,1.237,57.9,25,,,RQKGLDQEDHFNOF-WEDXCCLWSA,R45374383,M99947248,A130538
CCCCOC[C@H](O)[C@@H](O)[C@H](O)CO,C4?O-Xyl,1.237,57.9,25,,,TZHIJIPYJPIOJY-VGMNWLOBSA,R45374384,M99947249,A130538
CCCCCSC[C@H](O)[C@@H](O)[C@H](O)CO,C5?S-Xyl,1.337,46,25,,,VLYZEUATXHSAKK-UTLUCORTSA,R45374386,M99947250,A130538
CCCCCOCC(O)C(O)C(O)CO,,1.4,39.8,25,,https://pubs.acs.org/doi/suppl/10.1021/acs.iecr.6b02890/suppl_file/ie6b02890_si_001.pdf,BPWKFYNDLIBRTD-UHFFFAOYSA,R45374359,M99934592,A130538
CCCCCOC[C@H](O)[C@@H](O)[C@H](O)CO,C5?O-Xyl,1.42,38,25,,,BPWKFYNDLIBRTD-UTLUCORTSA,R45374388,M99947251,A130538
CCCCCCCCOC1OC(CO)C(O)C(O)C1N, ,1.6,25.1,25,,https://pubs.acs.org/doi/suppl/10.1021/acs.iecr.6b02890/suppl_file/ie6b02890_si_001.pdf,LFWLZEWJLCKNBG-UHFFFAOYSA,R45374358,M99934607,A130538
CCCCCCCCOC1OC(CO)C(O)C(O)C1O,,1.6,25.1,25,,Correlation and prediction of critical micelle concentration using polar surface area and LFER methods,HEGSGKPQLMEBJL-UHFFFAOYSA,R45374389,M39040,A130538
CCCCCCCCOC1O[C@H](CO)[C@@H](O)[C@H](O)[C@@H]1O,B-GlcC8,1.602059991,25,,(solvent:DMSO),https://www-sciencedirect-com.aurarialibrary.idm.oclc.org/science/article/pii/S000930840500006X?via%3Dihub#bib1,HEGSGKPQLMEBJL-JABUTEAWSA,R45384402,M99947925,A130560
CCCCCCCCS(=O)CCO,,1.63827,23,25,,"What Can Digitization Do For Formulated Product Innovation and
Development",IRJUEMKMQDEOTQ-UHFFFAOYSA,R45374390,M3742088,A130538
CCCCCCCCS(C)=O,,1.63827,23,25,,"What Can Digitization Do For Formulated Product Innovation and
Development",PVVATGNFHKTPTA-UHFFFAOYSA,R45374391,M10329649,A130538
CCCC(CCC)COCCOCCOCCOCCOCCOCCO,,1.67,21.4,25,,"What Can Digitization Do For Formulated Product Innovation and
Development",OREFNIPXPIKHBF-UHFFFAOYSA,R45374392,M99890329,A130538
CCCC(CCC)CCOCCOCCOCCOCCOCCOCCO,,1.67,21.4,25,,Correlation and prediction of critical micelle concentration using polar surface area and LFER methods,PVJONDQUBMYIBL-UHFFFAOYSA,R45374393,M99890289,A130538
CCCCCCCCS(=O)CCCCO,,1.69897,20,25,,"What Can Digitization Do For Formulated Product Innovation and
Development",JGOJUXYAQVPKQL-UHFFFAOYSA,R45374395,M11427320,A130538
CCCCCCCCS(=O)CCCO,,1.69897,20,25,,"What Can Digitization Do For Formulated Product Innovation and
Development",MBWCEVJTUZHUBM-UHFFFAOYSA,R45374394,M11429188,A130538
CCCCCCCCC(=O)N(C)CC(O)C(O)C(O)C(O)CO,Nonanoyl-N-Methylglucamine,1.7,19.95262315,25,,https://pubs.acs.org/doi/suppl/10.1021/acs.iecr.6b02890/suppl_file/ie6b02890_si_001.pdf,,,,
CCCCCCCCO[C@@H]1O[C@H](CO)[C@@H](O)[C@H](O)[C@H]1O, ,1.7,20,25,,https://pubs.acs.org/doi/suppl/10.1021/acs.iecr.6b02890/suppl_file/ie6b02890_si_001.pdf,HEGSGKPQLMEBJL-RKQHYHRCSA,R45374356,M83896,A130538
CCCCCCCC(=O)OCC(O)C(O)C(O)CO, ,1.7,20,25,,https://pubs.acs.org/doi/suppl/10.1021/acs.iecr.6b02890/suppl_file/ie6b02890_si_001.pdf,WATKJWBYOFPDLW-UHFFFAOYSA,R45374357,M99934599,A130538
CCCCCCC(=O)OC[C@H](O)[C@@H](O)[C@H](O)CO,C7-OCO-Xyl,1.745,18,25,,,QWMDBXNQUYIYJL-SCVCMEIPSA,R45374396,M99947252,A130538
CCCCCCSC[C@H](O)[C@@H](O)[C@H](O)CO,C6?S-Xyl,1.796,16,25,,,CWIYBVFBJJTFPA-VWYCJHECSA,R45374397,M99947253,A130538
CCCCCCCCO[C@@H]1O[C@H](CO)[C@H](O)[C@H](O)[C@H]1O, ,1.8,15.8,25,,https://pubs.acs.org/doi/suppl/10.1021/acs.iecr.6b02890/suppl_file/ie6b02890_si_001.pdf,HEGSGKPQLMEBJL-MBJXGIAVSA,R45374354,M1008600,A130538
CCCCCC(CCCC)O[C@@H]1O[C@H](CO)[C@@H](O)[C@H](O)[C@H]1O, ,1.8,15.8,25,,https://pubs.acs.org/doi/suppl/10.1021/acs.iecr.6b02890/suppl_file/ie6b02890_si_001.pdf,AENKUMOCHIQYMT-DJCOPSFNSA,R45374355,M99934602,A130538
CCCCCCCCOCCOCCOCCOCCOCCOCCOCCOCCOCCO,,1.89,12.9,25,,Correlation and prediction of critical micelle concentration using polar surface area and LFER methods,QGMRQQAQOZGPBZ-UHFFFAOYSA,R45374398,M96843882,A130538
CCCCCCC(CCC)O[C@@H]1O[C@H](CO)[C@@H](O)[C@H](O)[C@H]1O, ,1.9,12.6,25,,https://pubs.acs.org/doi/suppl/10.1021/acs.iecr.6b02890/suppl_file/ie6b02890_si_001.pdf,HSUMARIUFKUVLV-DJCOPSFNSA,R45374353,M99934603,A130538
CCCCCCCCOCC1OC(O)C(O)C(O)C1O,,1.920818754,12,25,,"Synthesis, surface tension properties and antibacterial activities of amphiphilic d-galactopyranose derivatives",PYAARBHPGPQQKU-UHFFFAOYSA,R45374399,M99890317,A130538
CCCCCCCOCC(O)C(O)C(O)CO, ,2,10,25,,https://pubs.acs.org/doi/suppl/10.1021/acs.iecr.6b02890/suppl_file/ie6b02890_si_001.pdf,JKGHGXKFWDCTPB-UHFFFAOYSA,R45374351,M99934594,A130538
CCCCCCC(=O)OCC(O)C(O)C(O)CO, ,2,10,25,,https://pubs.acs.org/doi/suppl/10.1021/acs.iecr.6b02890/suppl_file/ie6b02890_si_001.pdf,QWMDBXNQUYIYJL-UHFFFAOYSA,R45374352,M1016733,A130538
CCCCCCCCOCCOCCOCCOCCOCCOCCO,,2,10,25,,Correlation and prediction of critical micelle concentration using polar surface area and LFER methods,VVSOZSGWKFPDFX-UHFFFAOYSA,R45374400,M97557919,A130538
CCCCCC(=O)OC[C@H](O)[C@@H](O)[C@H](O)CO,C6-OCO-Xyl,2,10,25,,,BQTCGGYQDWTYOY-YWVKMMECSA,R45374401,M99947254,A130538
CCCCCCOCC(O)C(O)C(O)CO,,2,10,25,,https://pubs.acs.org/doi/suppl/10.1021/acs.iecr.6b02890/suppl_file/ie6b02890_si_001.pdf,OWGGZKPSBFBEKU-UHFFFAOYSA,R45374350,M99934593,A130538
CCCCCCOC[C@H](O)[C@@H](O)[C@H](O)CO,C6?O-Xyl,2.027,9.4,25,,,OWGGZKPSBFBEKU-VWYCJHECSA,R45374402,M99947255,A130538
CCCCCCCOC[C@H](O)[C@@H](O)[C@H](O)CO,C7?O-Xyl,2.036,9.2,25,,,JKGHGXKFWDCTPB-WOPDTQHZSA,R45374403,M99947256,A130538
CCCCCCCCOCCOCCOCCOCCOCCO,,2.04576,9,25,,"What Can Digitization Do For Formulated Product Innovation and
Development",MJELOWOAIAAUJT-UHFFFAOYSA,R45374404,M1003349,A130538
CCCCCCCCSC1O[C@H](CO)[C@@H](O)[C@H](O)[C@H]1O,C8TGlupyr,2.071,8.49,25,,,CGVLVOOFCGWBCS-RQICVUQASA,R45374405,M99947257,A130538
CCCCCCCCOCCOCCOCCOCCO,,2.09691,8,25,,"What Can Digitization Do For Formulated Product Innovation and
Development",FEOZZFHAVXYAMB-UHFFFAOYSA,R45374406,M119111,A130538
CCCCCCCC(CC)O[C@@H]1O[C@H](CO)[C@@H](O)[C@H](O)[C@H]1O, ,2.1,7.94,25,,https://pubs.acs.org/doi/suppl/10.1021/acs.iecr.6b02890/suppl_file/ie6b02890_si_001.pdf,MLIXOQUQIJTPEB-DJCOPSFNSA,R45374349,M99934604,A130538
CCCCCCCCOCCOCCOCCO,,2.13,7.41,25,,Correlation and prediction of critical micelle concentration using polar surface area and LFER methods,XIVLVYLYOMHUGB-UHFFFAOYSA,R45374407,M9189010,A130538
CCCCCCCCOC[C@H](O)[C@@H](O)[C@H](O)CO,C8?O-Xyl,2.174,6.7,25,,,YNAXSJVCOWIBEE-AGIUHOORSA,R45374408,M99947258,A130538
CCCCCCCCCOC1O[C@H](CO)[C@@H](O)[C@H](O)[C@@H]1O,B-GlcC9,2.187086643,6.5,,(solvent:DMSO),https://www-sciencedirect-com.aurarialibrary.idm.oclc.org/science/article/pii/S000930840500006X?via%3Dihub#bib1,QFAPUKLCALRPLH-BUWKTABGSA,R45384403,M99947926,A130560
CCCCCCCCCCON(CCOCCOCCOCCOC)CCOCCOCCOCCOC,,2.19,6.46,25,,Correlation and prediction of critical micelle concentration using polar surface area and LFER methods,DWERVPZALFEYPW-UHFFFAOYSA,R45374409,M99890294,A130538
CCCCCCCCCC(=O)N(C)CC(O)C(O)C(O)C(O)CO,Decanoyl-N-Methylglucamine,2.2,6.309573445,25,,https://pubs.acs.org/doi/suppl/10.1021/acs.iecr.6b02890/suppl_file/ie6b02890_si_001.pdf,,,,
CCCCCCCCO[C@H]1O[C@H](CO)[C@@H](O)[C@H](O)[C@@H]1O,octyl-?-d-mannopyranoside,2.2,6.31,25,,https://pubs.acs.org/doi/suppl/10.1021/acs.iecr.6b02890/suppl_file/ie6b02890_si_001.pdf,HEGSGKPQLMEBJL-DGTMBMJNSA,R45374346,M84265234,A130538
CCCCCCCCOCC(O)C(O)C(O)CO, ,2.2,6.31,25,,https://pubs.acs.org/doi/suppl/10.1021/acs.iecr.6b02890/suppl_file/ie6b02890_si_001.pdf,YNAXSJVCOWIBEE-UHFFFAOYSA,R45374347,M99934595,A130538
CCCCCCCCCOC1OC(CO)C(O)C(O)C1N, ,2.2,6.31,25,,https://pubs.acs.org/doi/suppl/10.1021/acs.iecr.6b02890/suppl_file/ie6b02890_si_001.pdf,WLCSSUPWTZZYPR-UHFFFAOYSA,R45374348,M99934608,A130538
CCCCCCCCOC(CO)CO,,2.23657,5.8,25,,"What Can Digitization Do For Formulated Product Innovation and
Development",CNCADJQPAKJTNP-UHFFFAOYSA,R45374410,M3324090,A130538
CCCCCCCCOCC(O)CO,,2.24,5.75,25,,Correlation and prediction of critical micelle concentration using polar surface area and LFER methods,GUPXYSSGJWIURR-UHFFFAOYSA,R45374411,M32540,A130538
CC(C)CCCC(C)CCOC1O[C@H](CO)[C@@H](O[C@H]2O[C@H](CO)[C@@H](O)[C@H](O)[C@H]2O)[C@H](O)[C@H]1O,B-Mal2(Ger),2.27572413,5.3,,(solvent:DMSO),https://www-sciencedirect-com.aurarialibrary.idm.oclc.org/science/article/pii/S000930840500006X?via%3Dihub#bib1,HALLPIGEKSALTD-FQRJUXSPSA,R45384400,M99947923,A130560
CCCCCCCCC(C)O[C@@H]1O[C@H](CO)[C@@H](O)[C@H](O)[C@H]1O, ,2.3,5.01,25,,https://pubs.acs.org/doi/suppl/10.1021/acs.iecr.6b02890/suppl_file/ie6b02890_si_001.pdf,NZGZLAJIQOCLBS-DJCOPSFNSA,R45374343,M99934605,A130538
CC(C)CCCC(C)CCOC1OC(CO)C(OC2OC(CO)C(OC3OC(CO)C(O)C(O)C3O)C(O)C2O)C(O)C1O, ,2.3,5.01,25,,https://pubs.acs.org/doi/suppl/10.1021/acs.iecr.6b02890/suppl_file/ie6b02890_si_001.pdf,SFMCWDLHZXFDLR-UHFFFAOYSA,R45374345,M99890343,A130538
CCCCCCCCCCON(CCOCCOCCOC)CCOCCOCCOC,,2.3,5.01,25,,Correlation and prediction of critical micelle concentration using polar surface area and LFER methods,BGZZIUTXTOLJQL-UHFFFAOYSA,R45374412,M99890293,A130538
CC(C)CCCC(C)CCOC1O[C@H](CO)[C@@H](O[C@H]2O[C@H](CO)[C@@H](OC3O[C@H](CO)[C@@H](O)[C@H](O)[C@H]3O)[C@H](O)[C@H]2O)[C@H](O)[C@H]1O,B-Ma3(Ger),2.301029996,5,,(solvent:DMSO),https://www-sciencedirect-com.aurarialibrary.idm.oclc.org/science/article/pii/S000930840500006X?via%3Dihub#bib1,SFMCWDLHZXFDLR-JTNGAJNNSA,R45384401,M99947924,A130560
CCCCCCCCOCCO,,2.31,4.9,25,,Correlation and prediction of critical micelle concentration using polar surface area and LFER methods,ZQCIMPBZCZUDJM-UHFFFAOYSA,R45374413,M32270,A130538
CCCCCCCC(=O)OCC(OCCOCCOCCOCCOCCOCCOCCOCCOCCOCCOCCOCCOCCO)C1OCC(OCCOCCOCCOCCOCCOCCOCCOCCOCCOCCOCCOCCOCCOCCOCCOCCO)C1OCCOCCOCCOCCOCCOCCOCCOCCOCCOCCOCCO,SA08-40(isomer 1),2.332547047,4.65,25,,Synthesis of environment friendly nonionic surfactants from sugar base and characterization of interfacial properties for detergent application,	,	,	,	
CCCCCCCC(=O)OCC(OCCOCCOCCOCCOCCOCCOCCOCCOCCOCCOCCOCCOCCO)C1OCC(OCCOCCOCCOCCOCCOCCOCCOCCOCCOCCOCCOCCOCCO)C1OCCOCCOCCOCCOCCOCCOCCOCCOCCOCCOCCOCCOCCOCCO,SA08-40(isomer 2),2.332547047,4.65,25,,Synthesis of environment friendly nonionic surfactants from sugar base and characterization of interfacial properties for detergent application,,,,
CCCCCCCC(=O)OCC(OCCOCCOCCOCCOCCOCCOCCOCCOCCOCCO)C1OCC(OCCOCCOCCOCCOCCOCCOCCOCCOCCOCCOCCOCCOCCOCCOCCOCCO)C1OCCOCCOCCOCCOCCOCCOCCOCCOCCOCCOCCOCCOCCOCCO,SA08-40(isomer 3),2.332547047,4.65,25,,Synthesis of environment friendly nonionic surfactants from sugar base and characterization of interfacial properties for detergent application,,,,
CCCCCCCC(=O)OC[C@H](O)[C@@H](O)[C@H](O)CO,C8-OCO-Xyl,2.357,4.4,25,,,WATKJWBYOFPDLW-MDZLAQPJSA,R45374414,M99947259,A130538
CC(C)CCCC(C)CCOC1O[C@H](CO)[C@@H](O)[C@H](O)[C@@H]1O,,2.397940009,4,25 ?C,S - 12,,OUOKJYJHOQRUFW-YBTKQCQXSA,R45404204,M99947922,A130644
CCCCCCCCC(=O)OCC(O)C(O)C(O)CO, ,2.4,3.98,25,,https://pubs.acs.org/doi/suppl/10.1021/acs.iecr.6b02890/suppl_file/ie6b02890_si_001.pdf,RIRGNSIDTXXQIV-UHFFFAOYSA,R45374342,M99934600,A130538
CCCCCCCCCCCCOC1=CC=C(OCC2OC(O)C(O)C(O)C2O)C=C1,,2.508638306,3.1,25,,"Synthesis, surface tension properties and antibacterial activities of amphiphilic d-galactopyranose derivatives",ZUYGLOGPLKSKON-UHFFFAOYSA,R45374415,M99890315,A130538
CCCCC(CCCC)CCOCCOCCOCCOCCOCCOCCOCCOCCOCCO,,2.53,2.95,25,,Correlation and prediction of critical micelle concentration using polar surface area and LFER methods,KYOVEDWJIVXHGN-UHFFFAOYSA,R45374416,M99890291,A130538
CCCCC(CCCC)CCOCCOCCOCCOCCOCCOCCO,,2.55,2.82,25,,Correlation and prediction of critical micelle concentration using polar surface area and LFER methods,ADZJNMHURDXUON-UHFFFAOYSA,R45374417,M99890290,A130538
CCCCCCCC(=O)OCC(O)C(O)C(OC1OC(CO)C(O)C(O)C1O)C(O)CO,C8-Lactitol,2.561,2.75,25,,,OQZNTZQFCUCBNP-UHFFFAOYSA,R45374418,M99947260,A130538
CCCCCCCC(=O)OCC1OC(O)C(O)C(O)C1OC1OC(CO)C(O)C(O)C1O,C8-Lactose,2.58,2.63,25,,,DIHQRQIBNFBFPV-UHFFFAOYSA,R45374419,M99947261,A130538
CCCCCCCCCCN(C)C(=O)C(O)C(O)C(OC1OC(CO)C(O)C(O)C1O)C(O)CO,N-Decyl-N-Methyl Lactobionamide ,2.6,2.511886432,25,,https://pubs.acs.org/doi/suppl/10.1021/acs.iecr.6b02890/suppl_file/ie6b02890_si_001.pdf,,,,
CCCCCCCCC(O)CCO,,2.64,2.29,25,,Correlation and prediction of critical micelle concentration using polar surface area and LFER methods,CSFUNXXUTSRHPN-UHFFFAOYSA,R45374420,M3438620,A130538
CCCCCCCCC(O)CO,,2.64,2.29,25,,Correlation and prediction of critical micelle concentration using polar surface area and LFER methods,YSRSBDQINUMTIF-UHFFFAOYSA,R45374421,M13792,A130538
CCCCCCCCCCOC1O[C@H](CO)[C@@H](O)[C@H](O)[C@@H]1O,B-GlcC10,2.657577319,2.2,,(solvent:DMSO),https://www-sciencedirect-com.aurarialibrary.idm.oclc.org/science/article/pii/S000930840500006X?via%3Dihub#bib1,JDRSMPFHFNXQRB-WHWZVRATSA,R45384404,M99947927,A130560
CCCCCCCCCCOC1OC(CO)C(O)C(O)C1O,,2.66,2.19,25,,Correlation and prediction of critical micelle concentration using polar surface area and LFER methods,JDRSMPFHFNXQRB-UHFFFAOYSA,R45374422,M986494,A130538
CCCCCCCCCOC[C@H](O)[C@@H](O)[C@H](O)CO,C9?O-Xyl,2.678,2.1,25,,,DKECPRLMVSIUOT-RDBSUJKOSA,R45374423,M99947262,A130538
CCCCCCCCCCOC1O[C@H](CO)[C@@H](O[C@H]2O[C@H](CO)[C@@H](O)[C@H](O)[C@H]2O)[C@H](O)[C@H]1O,B-Mal2C10,2.698970004,2,,(solvent:DMSO),https://www-sciencedirect-com.aurarialibrary.idm.oclc.org/science/article/pii/S000930840500006X?via%3Dihub#bib1,WOQQAWHSKSSAGF-VISPMFAPSA,R45384405,M99947928,A130560
CCCCCCCCCOCC(O)C(O)C(O)CO,,2.7,2,25,,https://pubs.acs.org/doi/suppl/10.1021/acs.iecr.6b02890/suppl_file/ie6b02890_si_001.pdf,DKECPRLMVSIUOT-UHFFFAOYSA,R45374340,M99934596,A130538
CCCCCCCCCC(=O)OCC(O)C(O)C(O)CO, ,2.7,2,25,,https://pubs.acs.org/doi/suppl/10.1021/acs.iecr.6b02890/suppl_file/ie6b02890_si_001.pdf,SPDVSBZLQSVXPN-UHFFFAOYSA,R45374341,M99934601,A130538
CCCCCCCCC(=O)OC[C@H](O)[C@@H](O)[C@H](O)CO,C9-OCO-Xyl,2.745,1.8,25,,,RIRGNSIDTXXQIV-DYEKYZERSA,R45374424,M99947263,A130538
CCCCCCCCCCS(=O)CCO,,2.79588,1.6,25,,"What Can Digitization Do For Formulated Product Innovation and
Development",FRMANNAMIQYSEN-UHFFFAOYSA,R45374425,M78418,A130538
CCCCCCCC(=O)O[C@@H]1[C@@H](O)C(O)O[C@H](CO)[C@H]1O,C8-OCO-Glu,2.796,1.6,25,,,XXOQQAWGIDQJOO-RSTBIFIBSA,R45374426,M99947264,A130538
CC(CCC(=O)N(CCCNC(=O)C(O)C(O)C(O)C(O)CO)CCCNC(=O)C(O)C(O)C(O)C(O)CO)C1CCC2C3CCC4CC(O)CCC4(C)C3CC(O)C12C,,2.8538,1.4,25,,Anatrace Catalogue,OJSUWTDDXLCUFR-UHFFFAOYSA,R45374387,M3731371,A130538
CCCCCCCCCCOCCOCCOCCOCCOCCOCCOCCOCCOCCO,,2.89,1.29,25,,Correlation and prediction of critical micelle concentration using polar surface area and LFER methods,MEPDRUVBZDYVEU-UHFFFAOYSA,R45374427,M3742058,A130538
CCCCCCCCCCN(C)C(=O)C(O)C(O)C(O)C(O)CO,N-Decyl-N-Methyl Gluconamide,2.9,1.26,25,,https://pubs.acs.org/doi/suppl/10.1021/acs.iecr.6b02890/suppl_file/ie6b02890_si_001.pdf,XLIVUQPRXGXTLQ-UHFFFAOYSA,R45374339,M99934609,A130538
CCCCCCCCCCNC(=O)C(O)C(O)C(OC1OC(CO)C(O)C(O)C1O)C(O)CO,Decyl-D-Lactobionamide  ,2.9,1.258925412,25,,https://pubs.acs.org/doi/suppl/10.1021/acs.iecr.6b02890/suppl_file/ie6b02890_si_001.pdf,,,,
CCCCCCCCCCOCCOCCOCCOCCOCCOCCOCCOCCO,,3,1,25,,Correlation and prediction of critical micelle concentration using polar surface area and LFER methods,UJMHIOBAHVUDGS-UHFFFAOYSA,R45374429,M109759,A130538
CCCCCCCCCCOCCOCCOCCOCCOCCOCCO,,3.05,0.891,25,,Correlation and prediction of critical micelle concentration using polar surface area and LFER methods,GLGQRQQFWLTGES-UHFFFAOYSA,R45374430,M1000584,A130538
CCCCCCCCCCOCCOCCOCCOCCOCCO,,3.0655,0.86,25,,"What Can Digitization Do For Formulated Product Innovation and
Development",QAXPOSPGRHYIHE-UHFFFAOYSA,R45374431,M1002846,A130538
CCCCCCCCCCOC[C@H](O)[C@@H](O)[C@H](O)CO,C10?O-Xyl,3.092,0.809,25,,,YRUKKUIXGCIXKR-ILXRZTDVSA,R45374432,M99947265,A130538
CCCCCCCCCCO[C@@H]1O[C@H](CO)[C@H](O)[C@H](O)[C@H]1O, ,3.1,0.794,25,,https://pubs.acs.org/doi/suppl/10.1021/acs.iecr.6b02890/suppl_file/ie6b02890_si_001.pdf,JDRSMPFHFNXQRB-LYYZXLFJSA,R45374338,M97493884,A130538
CCCCCCCCCCCCC(=O)NCCOCCOCCOCCOCCOCCOCCOCCOCCOCCO,C12AmEG9,3.1249,0.75,25,,,XDJASSFEQDGCRQ-UHFFFAOYSA,R45374367,M99947245,A130538
CCCCCCCCCCOCCOCCOCCOCCO,,3.17,0.676,25,,Correlation and prediction of critical micelle concentration using polar surface area and LFER methods,ASMWIUUCZFNLHL-UHFFFAOYSA,R45374433,M1003037,A130538
CCCCCCCCCCCCC(=O)NCCOCCOCCOCCOCCOCCOCCO,C12AmEG6,3.18708,0.65,25,,,RCXXARJYKOMHCI-UHFFFAOYSA,R45374366,M99947244,A130538
CCCCCCCCCCCCNC1C(CO)OC(OC(C(O)CO)C(O)C(O)CO)C(O)C1O,,3.22,0.603,25,,Correlation and prediction of critical micelle concentration using polar surface area and LFER methods,IMFHXPVDFDIQLH-UHFFFAOYSA,R45374434,M99890311,A130538
CCCCCCCCCCOCCOCCOCCO,,3.22,0.603,25,,Correlation and prediction of critical micelle concentration using polar surface area and LFER methods,UKODLHVFJRCQME-UHFFFAOYSA,R45374435,M13511556,A130538
OC[C@H]1O[C@H](O[C@H]2[C@H](O)[C@@H](O)[C@H](OCCCCCCC3CCCCC3)O[C@@H]2CO)[C@H](O)[C@@H](O)[C@@H]1O,,3.25,0.562,25,,https://www.sigmaaldrich.com/catalog/product/sigma/29396?lang=en&region=US,WUCWJXGMSXTDAV-QKMCSOCLSA,R45374436,M3735254,A130538
CCCCCCCC(=O)OCC(OCCOCCOCCOCCO)C1OCC(OCCOCCOCCOCCOCCOCCOCCO)C1OCCOCCOCCOCCO,SA08-15(isomer 1),3.286509457,0.517,25,,Synthesis of environment friendly nonionic surfactants from sugar base and characterization of interfacial properties for detergent application,,,,
CCCCCCCC(=O)OCC(OCCOCCOCCOCCO)C1OCC(OCCOCCOCCOCCOCCO)C1OCCOCCOCCOCCOCCOCCO,SA08-15(isomer 2),3.286509457,0.517,25,,Synthesis of environment friendly nonionic surfactants from sugar base and characterization of interfacial properties for detergent application,	,	,	,	
CCCCCCCC(=O)OCC(OCCOCCOCCOCCOCCOCCO)C1OCC(OCCOCCOCCOCCOCCO)C1OCCOCCOCCOCCO,SA08-15(isomer 3),3.286509457,0.517,25,,Synthesis of environment friendly nonionic surfactants from sugar base and characterization of interfacial properties for detergent application,,,,
CCCCCCCCCCCC(O)N(CCOCCOCCOC)CCOCCOCCOC,,3.29,0.513,25,,Correlation and prediction of critical micelle concentration using polar surface area and LFER methods,DDIJIVXLAWULKM-UHFFFAOYSA,R45374439,M99890296,A130538
CCCCCCCCCCCCC(=O)NCCOCCOCCOCCO,C12AmEG3,3.2924,0.51,25,,,YJYYUECMWNOFFZ-UHFFFAOYSA,R45374365,M99947243,A130538
CCCCCCCC(=O)OCC(OCCOCCO)C1OCC(OCCOCCOCCO)C1OCCOCCO,SA08-7(isomer 1),3.349692477,0.447,25,,Synthesis of environment friendly nonionic surfactants from sugar base and characterization of interfacial properties for detergent application,NA,	,	,	
CCCCCCCC(=O)OCC(OCCOCCO)C1OCC(OCCOCCO)C1OCCOCCOCCO,SA08-7(isomer 2),3.349692477,0.447,25,,Synthesis of environment friendly nonionic surfactants from sugar base and characterization of interfacial properties for detergent application,,,,
CCCCCCCC(=O)OCC(OCCOCCOCCO)C1OCC(OCCOCCO)C1OCCOCCO,SA08-7(isomer 3),3.349692477,0.447,25,,Synthesis of environment friendly nonionic surfactants from sugar base and characterization of interfacial properties for detergent application,	,	,	,	
CCCCCCCCCCCC(=O)OCC1OC(O)C(O)C(O)C1OC1OC(CO)C(O)C(O)C1O,C12-Lactose,3.37,0.427,25,,,KHPQGVNCZDMCDI-UHFFFAOYSA,R45374440,M99947266,A130538
CCCCCCCCCCCC(=O)OCC(O)C(O)C(OC1OC(CO)C(O)C(O)C1O)C(O)CO,C12-Lactitol,3.37,0.427,25,,,ULOSQDCYHDNKKQ-UHFFFAOYSA,R45374441,M97351141,A130538
CCCCCCCCCCCC(O)N(CCOCCOC)CCOCCOC,,3.4,0.398,25,,Correlation and prediction of critical micelle concentration using polar surface area and LFER methods,HKHTVPJNFWRCFL-UHFFFAOYSA,R45374442,M99890295,A130538
CCCCCCCCCCCCNC(C)C(O)OCCOCCOCCOCCO,,3.41,0.389,25,,Correlation and prediction of critical micelle concentration using polar surface area and LFER methods,QCSBNDCHSSNCDZ-UHFFFAOYSA,R45374443,M99890298,A130538
CCCCCCCCCCCC(=O)OCC1(OC2OC(CO)C(O)C(O)C2O)OC(O)C(O)C1O,,3.47,0.339,25,,Correlation and prediction of critical micelle concentration using polar surface area and LFER methods,XABWQANELPGVLD-UHFFFAOYSA,R45374444,M99890312,A130538
CCCCCCCCCCCCNCC(O)OCCOCCOCCOCCO,,3.47,0.339,25,,Correlation and prediction of critical micelle concentration using polar surface area and LFER methods,AOUWKYGOZQWHDM-UHFFFAOYSA,R45374445,M99890299,A130538
CCCCCCCCC1=CC(OCCOCCOCCOCCOCCOCCOCCOCCOCCOCCO)=CC=C1,,3.48,0.331,25,,Correlation and prediction of critical micelle concentration using polar surface area and LFER methods,GLXLYSXUHFPPQH-UHFFFAOYSA,R45374446,M99890286,A130538
CCCCCCCCC1=CC=C(OCCOCCOCCOCCOCCOCCOCCOCCOCCOCCO)C=C1,,3.481,0.33,25,,"What Can Digitization Do For Formulated Product Innovation and
Development",AKBZTYMWSLYNCH-UHFFFAOYSA,R45374447,M95634188,A130538
CCCCCCCCC1=CC(OCCOCCOCCOCCOCCOCCOCCOCCOCCO)=CC=C1,,3.52,0.302,25,,Correlation and prediction of critical micelle concentration using polar surface area and LFER methods,MKRYCFGIQZFRDS-UHFFFAOYSA,R45374448,M99890285,A130538
CCCCCCCCCCCOCCO,,3.52,0.302,25,,Correlation and prediction of critical micelle concentration using polar surface area and LFER methods,KLMGMPDXSPSCOC-UHFFFAOYSA,R45374449,M110256,A130538
CCCCCCCCOCCCCOCC1OC(O)C(O)C(O)C1O,,3.522878745,0.3,25,,"Synthesis, surface tension properties and antibacterial activities of amphiphilic d-galactopyranose derivatives",QVLSQRHHQASRJV-UHFFFAOYSA,R45374450,M99890316,A130538
CCCCCCCCC1=CC=C(OCCOCCOCCOCCOCCOCCOCCOCCOCCO)C=C1,,3.523,0.3,25,,"What Can Digitization Do For Formulated Product Innovation and
Development",LFDLTLMEBDARLN-UHFFFAOYSA,R45374451,M87616,A130538
CCCCCCCCCCCOC[C@H](O)[C@@H](O)[C@H](O)CO,C11?O-Xyl,3.523,0.3,25,,,QDIKHEINYKTIDI-PMPSAXMXSA,R45374452,M99947267,A130538
CCCCCCCCCCCCN(C)CC(O)OCCOCCOCCOCCO,,3.53,0.295,25,,Correlation and prediction of critical micelle concentration using polar surface area and LFER methods,BZAGFEHKSSGPNA-UHFFFAOYSA,R45374453,M99890300,A130538
CCCCCCCCC1=CC(OCCOCCOCCOCCOCCOCCOCCOCCO)=CC=C1,,3.55,0.282,25,,Correlation and prediction of critical micelle concentration using polar surface area and LFER methods,HWIABGBTRMCJSS-UHFFFAOYSA,R45374454,M99890284,A130538
CCCCCCCCC1=CC=C(OCCOCCOCCOCCOCCOCCOCCOCCO)C=C1,,3.553,0.28,25,,"What Can Digitization Do For Formulated Product Innovation and
Development",GAGGDWODDNZVFP-UHFFFAOYSA,R45374455,M99890328,A130538
CCCCCCCCCCCC(O)N(CCO)CCO,,3.59,0.257,25,,Correlation and prediction of critical micelle concentration using polar surface area and LFER methods,UZGARCDSXXWNNA-UHFFFAOYSA,R45374456,M99890292,A130538
CCCCCCCCCCO[C@H]1O[C@H](CO)[C@@H](O)[C@H](O)[C@@H]1O, ,3.6,0.251,25,,https://pubs.acs.org/doi/suppl/10.1021/acs.iecr.6b02890/suppl_file/ie6b02890_si_001.pdf,JDRSMPFHFNXQRB-OWYFMNJBSA,R45374337,M12663516,A130538
CCCCCCCCCCCCN(C)C(=O)C(O)C(O)C(OC1OC(CO)C(O)C(O)C1O)C(O)CO,N-Dodecyl-N-Methyl Lactobionamide  ,3.6,0.251188643,25,,https://pubs.acs.org/doi/suppl/10.1021/acs.iecr.6b02890/suppl_file/ie6b02890_si_001.pdf,,,,
CCCCCCCCC1=CC(OCCOCCOCCOCCOCCOCCOCCO)=CC=C1,,3.6,0.251,25,,Correlation and prediction of critical micelle concentration using polar surface area and LFER methods,ZUZKGYXQHOPXGV-UHFFFAOYSA,R45374457,M99890283,A130538
CCCCCCCCC1=CC=C(OCCOCCOCCOCCOCCOCCOCCO)C=C1,,3.602,0.25,25,,"What Can Digitization Do For Formulated Product Innovation and
Development",IZCAZGDGLZWLNZ-UHFFFAOYSA,R45374458,M84707,A130538
CCCCCCCCCCCC(O)N(CCOCCOCCOCCOC)CCOCCOCCOCCOC,,3.61,0.245,25,,Correlation and prediction of critical micelle concentration using polar surface area and LFER methods,VXQCANIISYVWOK-UHFFFAOYSA,R45374459,M99890297,A130538
CCCCCCCCCCCCOC1OC(CO)C(OC2OC(CO)C(O)C(O)C2O)C(O)C1O,,3.62,0.24,25,,Correlation and prediction of critical micelle concentration using polar surface area and LFER methods,NLEBIOOXCVAHBD-UHFFFAOYSA,R45374460,M747919,A130538
CCCCCCCCCCCC(=O)O[C@@H]1[C@@H](O)C(O)O[C@H](CO)[C@H]1O,C12-OCO-Glu,3.638,0.23,25,,,WDXKVRGWROYPTK-KTALTATCSA,R45374461,M97493769,A130538
CCCCCCCCC1=CC=C(OCCOCCOCCOCCOCCOCCO)C=C1,,3.678,0.21,25,,"What Can Digitization Do For Formulated Product Innovation and
Development",BBGAUVWUGVOCBQ-UHFFFAOYSA,R45374462,M97557920,A130538
CCCCCCCCC1=CC(OCCOCCOCCOCCOCCOCCO)=CC=C1,,3.68,0.209,25,,Correlation and prediction of critical micelle concentration using polar surface area and LFER methods,NRGVKZZRTYRKFL-UHFFFAOYSA,R45374463,M99890282,A130538
CCCCCCCCCCCCCCCCCC(=O)O[C@@H]1[C@@H](O)C(O)O[C@H](CO)[C@H]1O,C18-OCO-Glu,3.699,0.2,25,,,WKYLRNPDHWOEQD-NWWLRBDKSA,R45374464,M97493774,A130538
CCCCCCCCCCCCO[C@@H]1O[C@H](CO)[C@H](O)[C@H](O)[C@H]1O, ,3.7,0.2,25,,https://pubs.acs.org/doi/suppl/10.1021/acs.iecr.6b02890/suppl_file/ie6b02890_si_001.pdf,PYIDGJJWBIBVIA-DISONHOPSA,R45374336,M99934590,A130538
CCCCCCCCCCCCOC1OC(CO)C(O)C(O)C1O,,3.72,0.191,25,,Correlation and prediction of critical micelle concentration using polar surface area and LFER methods,PYIDGJJWBIBVIA-UHFFFAOYSA,R45374465,M999069,A130538
CCCCCCCCCCC(O)CO,,3.75,0.178,25,,Correlation and prediction of critical micelle concentration using polar surface area and LFER methods,ZITKDVFRMRXIJQ-UHFFFAOYSA,R45374466,M68681,A130538
CCCCCCCCCCCCN(C)C(=O)C(O)C(O)C(O)C(O)CO,N-Dodecyl-N-Methyl Gluconamide  ,3.8,0.158489319,25,,https://pubs.acs.org/doi/suppl/10.1021/acs.iecr.6b02890/suppl_file/ie6b02890_si_001.pdf,,,,
CCCCCCCCC1=CC(OCCOCCOCCOCCOCCO)=CC=C1,,3.82,0.151,25,,Correlation and prediction of critical micelle concentration using polar surface area and LFER methods,LXRSCDOISLKDER-UHFFFAOYSA,R45374467,M99890281,A130538
CCCCCCCCC1=CC=C(OCCOCCOCCOCCOCCO)C=C1,,3.824,0.15,25,,"What Can Digitization Do For Formulated Product Innovation and
Development",VEBJYBIQIYFEFN-UHFFFAOYSA,R45374468,M84251924,A130538
CCCCCCCCCCCCOCCOCCOCCOCCOCCOCCOCCOCCOCCOCCOCCOCCO,,3.85,0.141,25,,Correlation and prediction of critical micelle concentration using polar surface area and LFER methods,WMPGRAUYWYBJKX-UHFFFAOYSA,R45374469,M72296,A130538
CCCCCCCCCCCCCCCC(=O)O[C@@H]1[C@@H](O)C(O)O[C@H](CO)[C@H]1O,C16-OCO-Glu,3.854,0.14,25,,,YILRDHSWEMKPAL-CSKCAKMBSA,R45374470,M97493772,A130538
CCCCCCCCN(CCCNC(=O)[C@H](O)[C@@H](O)[C@H](OC1OC(CO)C(O)C(O)C1O)[C@H](O)CO)CCN(CCCCCCCC)CCCNC(=O)[C@H](O)[C@@H](O)[C@H](OC1OC(CO)C(O)C(O)C1O)[C@H](O)CO,bis(C8LA),3.886,0.13,25,,,NYUYYKCCHRDDBA-GNVMRODOSA,R45374472,M99947268,A130538
CCCCCCCCC1=CC=C(OCCOCCOCCOCCO)C=C1,,3.886,0.13,25,,"What Can Digitization Do For Formulated Product Innovation and
Development",YXRBDGZNXLVMAM-UHFFFAOYSA,R45374471,M99890327,A130538
CCCCCCCCC1=CC(OCCOCCOCCOCCO)=CC=C1,,3.89,0.129,25,,Correlation and prediction of critical micelle concentration using polar surface area and LFER methods,KINNPGYMDISPFG-UHFFFAOYSA,R45374473,M99890280,A130538
CCCCCCCCCCCCOCCOCCOCCOCCOCCOCCOCCOCCO,,3.96257,0.109,25,,"What Can Digitization Do For Formulated Product Innovation and
Development",YYELLDKEOUKVIQ-UHFFFAOYSA,R45374474,M608297,A130538
CCCCCCCCCCCCOCCOCCOCCOCCOCCOCCOCCOCCOCCO,,4,0.1,25,,Correlation and prediction of critical micelle concentration using polar surface area and LFER methods,ONJQDTZCDSESIW-UHFFFAOYSA,R45374475,M72295,A130538
CCCCCCCCC1=CC(OCCOCCOCCO)=CC=C1,,4.01,0.0977,25,,Correlation and prediction of critical micelle concentration using polar surface area and LFER methods,YQVBDIQBYXRYSJ-UHFFFAOYSA,R45374476,M99890279,A130538
CCCCCCCCC1=CC=C(OCCOCCOCCO)C=C1,,4.013,0.0971,25,,"What Can Digitization Do For Formulated Product Innovation and
Development",OTYVJPAXQTWKAN-UHFFFAOYSA,R45374477,M99890326,A130538
CCCCCCCCCCCCOCCOCCOCCOCCOCCOCCO,,4.06,0.0871,25,,Correlation and prediction of critical micelle concentration using polar surface area and LFER methods,OJCFEGKCRWEVSN-UHFFFAOYSA,R45374478,M72293,A130538
CCCCCCCCCCCCOCCOCCOCCOCCOCCOCCOCCO,,4.09,0.0813,25,,Correlation and prediction of critical micelle concentration using polar surface area and LFER methods,DWHIUNMOTRUVPG-UHFFFAOYSA,R45374479,M72294,A130538
CCCCCCCCC1=CC=C(OCCOCCO)C=C1,,4.116,0.0766,25,,"What Can Digitization Do For Formulated Product Innovation and
Development",NMTRTIUWHYPKTQ-UHFFFAOYSA,R45374480,M99890325,A130538
CCCCCCCCC1=CC(OCCOCCO)=CC=C1,,4.12,0.0759,25,,Correlation and prediction of critical micelle concentration using polar surface area and LFER methods,CPIPGILJIQDVSD-UHFFFAOYSA,R45374481,M99890278,A130538
CCCCCCCCN(CCCNC(=O)[C@@H](O)[C@H](O)[C@@H](O)[C@@H](O)CO)CCN(CCCCCCCC)CCCNC(=O)[C@@H](O)[C@H](O)[C@@H](O)[C@@H](O)CO,bis(C8GA),4.174,0.067,25,,,VLRJGGWTTMOUGH-FUDPRXSLSA,R45374482,M99947269,A130538
CCCCCCCCCCCCOCCOCCOCCOCCOCCO,,4.19,0.0646,25,,Correlation and prediction of critical micelle concentration using polar surface area and LFER methods,LAPRIVJANDLWOK-UHFFFAOYSA,R45374483,M27769,A130538
CCCCCCCCCCCCOCCOCCOCCOCCO,,4.19,0.0646,25,,Correlation and prediction of critical micelle concentration using polar surface area and LFER methods,WPMWEFXCIYCJSA-UHFFFAOYSA,R45374484,M75157,A130538
CCCCCCCCCCCCC(=O)N(CCOCCOCCOCCOCCOCCOCCO)CCN(CCOCCOCCOCCOCCOCCOCCO)C(=O)CCCCCCCCCCCC, ,4.2218,0.06,25,,Micellization of Nonionic Surfactant Dimers and of the CorrespondingSurfactant Monomers in Aqueous Solution,NIENWBZKPHCCOA-UHFFFAOYSA,R45374364,M99947242,A130538
CCCCCCCCOCC#CCOCC1OC(O)C(O)C(O)C1O,,4.22184875,0.06,25,,"Synthesis, surface tension properties and antibacterial activities of amphiphilic d-galactopyranose derivatives",ZVRLQNBKIBNORM-UHFFFAOYSA,R45374485,M99890319,A130538
CCCCCCCCCCCCOCCOCCOCCO,,4.28,0.0525,25,,Correlation and prediction of critical micelle concentration using polar surface area and LFER methods,FKMHSNTVILORFA-UHFFFAOYSA,R45374486,M72292,A130538
CCCCCCCCCCCCO[C@H]1O[C@H](CO)[C@@H](O)[C@H](O)[C@@H]1O,,4.3,0.0501,25,,https://pubs.acs.org/doi/suppl/10.1021/acs.iecr.6b02890/suppl_file/ie6b02890_si_001.pdf,PYIDGJJWBIBVIA-ZBRFXRBCSA,R45374335,M99934589,A130538
CCCCCCCC\C=C/CCCCCCCCN(C)C(=O)C(O)C(O)C(OC1OC(CO)C(O)C(O)C1O)C(O)CO,N-Oleyl-N-Methyl Lactobionamide,4.3,0.050118723,25,,https://pubs.acs.org/doi/suppl/10.1021/acs.iecr.6b02890/suppl_file/ie6b02890_si_001.pdf,,,,
CCCCCCCCC1=CC=C(OCCO)C=C1,,4.305,0.0495,25,,"What Can Digitization Do For Formulated Product Innovation and
Development",BHNQPLPANNDEGL-UHFFFAOYSA,R45374487,M88723,A130538
CCCCCCCCC1=CC(OCCO)=CC=C1,,4.31,0.049,25,,Correlation and prediction of critical micelle concentration using polar surface area and LFER methods,OYXHLKMFNRNIJS-UHFFFAOYSA,R45374488,M99890277,A130538
CCCCCCCCCCCC(=O)OCC(O)COCC(O)COCC(O)COCC(O)CO,Gly4La-1,4.402,0.0396,25,,,DVGVOHFCQUKRNX-UHFFFAOYSA,R45374490,M95261754,A130538
CCCCCCCCCCCC(=O)OC[C@@H](O)[C@H]1OC[C@H](O)[C@H]1O,Sorb-La-1,4.44,0.0363,25,,,LWZFANDGMFTDAV-BURFUSLBSA,R45374492,M987279,A130538
CCCCCCCCCCCC(=O)OCC(O)COCC(O)COCC(O)COCC(O)COCC(O)COCC(O)CO,Gly6La-1,4.446,0.0358,25,,,SWKYGYPAADKGMH-UHFFFAOYSA,R45374493,M99947270,A130538
CC(C)CCCC(C)CCCC(C)CCOC1O[C@@H](CO)[C@@H](O)[C@H](O)[C@H]1O,HHFG_cannonical,4.473660723,0.0336,,S - 8,,RJDDRNFZUQHAQH-HQSLWJPNSA,R45404200,M99947920,A130644
CCCCCCCCCCCCOCCOCCO,,4.48,0.0331,25,,Correlation and prediction of critical micelle concentration using polar surface area and LFER methods,AZLWQVJVINEILY-UHFFFAOYSA,R45374495,M610,A130538
CCCCCCCC\C=C/CCCCCCCC(=O)OCC(O)COCC(O)COCC(O)COCC(O)CO,Gly4Ol-1,4.484,0.0328,25,,,ITNZZBHKFRTWNN-KTKRTIGZSA,R45374496,M99947271,A130538
CCCCCCCCCCCCOCC#CCOCC1OC(O)C(O)C(O)C1O,,4.494850022,0.032,25,,"Synthesis, surface tension properties and antibacterial activities of amphiphilic d-galactopyranose derivatives",PULCWWJRUSBGHA-UHFFFAOYSA,R45374497,M99890314,A130538
CCCCCCCC\C=C/CCCCCCCCN(C)C(=O)C(O)C(O)C(O)C(O)CO,N-Oleyl-N-Methyl Gluconamide,4.5,0.031622777,25,,https://pubs.acs.org/doi/suppl/10.1021/acs.iecr.6b02890/suppl_file/ie6b02890_si_001.pdf,,,,
CC(C)CCCC(C)CCCC(C)CCOC1OC[C@@H](O)[C@H](O)[C@@H]1O,HHFX_cannonical,4.517126416,0.0304,,S - 7,,ADOPAXMRCIYWBC-IHRHMYSNSA,R45404199,M99947919,A130644
CC(C)CCCC(C)CCCC(C)CCOC1O[C@H](CO)[C@@H](O[C@H]2O[C@H](CO)[C@@H](O)[C@H](O)[C@H]2O)[C@H](O)[C@H]1O,HHFMalt,4.525783736,0.0298,,(solvent:DMSO),https://pubs-rsc-org.aurarialibrary.idm.oclc.org/en/content/articlelanding/2020/RA/D0RA02326D#!divAbstract,RPFXJIAOBKPCNN-ZSFCZLKDSA,R45384392,M99947917,A130560
CCCCCCCCCCCC(=O)OCC(O)COCC(O)COCC(O)COCC(O)COCC(O)COCC(O)COCC(O)COCC(O)COCC(O)COCC(O)CO,Gly10La-1,4.549,0.0282,25,,,FGQULEFZORCFTR-UHFFFAOYSA,R45374498,M99947272,A130538
CCCCCCCCCCCCCCCCCC(=O)OCC(O)COCC(O)COCC(O)COCC(O)COCC(O)COCC(O)CO,Gly6 St-1,4.553,0.028,25,,,DBCHZLDFLLNCDG-UHFFFAOYSA,R45374500,M99947273,A130538
CCCCCCCC\C=C/CCCCCCCC(=O)OCC(O)COCC(O)COCC(O)COCC(O)COCC(O)COCC(O)CO,Gly6Ol-1,4.562,0.0274,25,,,VKWKDXCBOHKSBF-KTKRTIGZSA,R45374501,M99947274,A130538
CCCCCCCCCCCCCCCCN(CC(O)CO)CC(O)CO, ,4.5686,0.027,25,,Linear-dendritic nonionic poly(propylene oxide)?polyglycerol surfactants,LICFBHUKJPZHHK-UHFFFAOYSA,R45374363,M99947241,A130538
CCCCCCCCCCCCCOCCOCCOCCOCCOCCOCCOCCOCCO,,4.57,0.0269,25,,Correlation and prediction of critical micelle concentration using polar surface area and LFER methods,DFVNYTSHNSXEMH-UHFFFAOYSA,R45374502,M1015998,A130538
CCCCCCCC\C=C/CCCCCCCC(=O)OC[C@@H](O)[C@H]1OC[C@H](O)[C@H]1O,Sorb-Ol-1,4.578,0.0264,25,,,NWGKJDSIEKMTRX-AAZCQSIUSA,R45374503,M759267,A130538
CCCCCCCCCCCCCCN(C)C(=O)C(O)C(O)C(O)C(O)CO,N-Tetradecyl-N-Methyl Gluconamide,4.6,0.025118864,25,,https://pubs.acs.org/doi/suppl/10.1021/acs.iecr.6b02890/suppl_file/ie6b02890_si_001.pdf,,,,
CCCCCCCCCCCCOCCCCOCC1OC(O)C(O)C(O)C1O,,4.638272164,0.023,25,,"Synthesis, surface tension properties and antibacterial activities of amphiphilic d-galactopyranose derivatives",ASXIBSWOEMELLC-UHFFFAOYSA,R45374506,M99890318,A130538
CCCCCCCCCCCCCCCCCC(=O)OCC(O)COCC(O)COCC(O)COCC(O)CO,Gly4 St-1,4.65,0.0224,25,,,FJRYZTSIHLRMMM-UHFFFAOYSA,R45374508,M130786,A130538
CC(C)CCCC(C)CCCC(C)CCOC1OC(CO)C(O)C(O)C1O,HHFG_MEAN,4.669586227,0.0214,,(solvent:DMSO),https://pubs-rsc-org.aurarialibrary.idm.oclc.org/en/content/articlelanding/2020/RA/D0RA02326D#!divAbstract,RJDDRNFZUQHAQH-UHFFFAOYSA,R45384398,M99947330,A130560
CCCCCCCC\C=C/CCCCCCCC(=O)OCC(O)COCC(O)COCC(O)COCC(O)COCC(O)COCC(O)COCC(O)COCC(O)COCC(O)COCC(O)CO,Gly10Ol-1,4.676,0.0211,25,,,NPTLAYTZMHJJDP-KTKRTIGZSA,R45374509,M99947275,A130538
CC(C)CCCC(C)CCCC(C)CCOC1O[C@@H](CO)[C@@H](O[C@H]2O[C@H](CO)[C@H](O)[C@H](O)[C@H]2O)[C@H](O)[C@H]1O,HHFMan_cannonical,4.707743929,0.0196,,(solvent:DMSO),https://pubs-rsc-org.aurarialibrary.idm.oclc.org/en/content/articlelanding/2020/RA/D0RA02326D#!divAbstract,RPFXJIAOBKPCNN-SUORIOOBSA,R45384396,M99947921,A130560
CCCCCCCCCCCCC(O)CCO,,4.886,0.013,25,,"What Can Digitization Do For Formulated Product Innovation and
Development",UGJRMHXEWBBMMN-UHFFFAOYSA,R45374510,M99890330,A130538
CCCCCCCCCCCCCC(O)CCO,,4.89,0.0129,25,,Correlation and prediction of critical micelle concentration using polar surface area and LFER methods,GZXNLYGAGAVUSB-UHFFFAOYSA,R45374511,M96775567,A130538
CCCCCCCC\C=C\CCCCCCCC(=O)OCC(OC(=O)CCCCCCC\C=C\CCCCCCCC)C1OCC(O)C1OC(=O)CCCCCCC\C=C\CCCCCCCC,Sorb-Ol-3,4.944,0.0114,25,,,PRXRUNOAOLTIEF-WUOFIQDXSA,R45374514,M99947276,A130538
CC(C)CCCC(C)CCCC(C)CCOC1OC[C@@H](O)[C@H](O)[C@H]1O,HHFX,4.995678626,0.0101,,(solvent:DMSO),https://pubs-rsc-org.aurarialibrary.idm.oclc.org/en/content/articlelanding/2020/RA/D0RA02326D#!divAbstract,ADOPAXMRCIYWBC-ISNWTIPXSA,R45384389,M99947914,A130560
CCCCCCCCCCCCCCCCN(C)C(=O)C(O)C(O)C(OC1OC(CO)C(O)C(O)C1O)C(O)CO,N-Hexadecyl-N-Methyl Lactobionamide  ,5,0.01,25,,https://pubs.acs.org/doi/suppl/10.1021/acs.iecr.6b02890/suppl_file/ie6b02890_si_001.pdf,,,,
CCCCCCCCCCCCCCOCCOCCOCCOCCOCCOCCO,,5,0.01,25,,Correlation and prediction of critical micelle concentration using polar surface area and LFER methods,CMOAVXMJUDBIST-UHFFFAOYSA,R45374515,M75058,A130538
CCCCCCCCCCCCCCCC(=O)OCC1OC(O)C(O)C(O)C1OC1OC(CO)C(O)C(O)C1O,C16-Lactose,5.02,0.00955,25,,,XITGIDCEXRHNOE-UHFFFAOYSA,R45374516,M99947277,A130538
CC(C)CCCC(C)CCCC(C)CCOC1O[C@H](CO)[C@@H](O)[C@H](O)[C@H]1O,HHFG,5.036212173,0.0092,,(solvent:DMSO),https://pubs-rsc-org.aurarialibrary.idm.oclc.org/en/content/articlelanding/2020/RA/D0RA02326D#!divAbstract,RJDDRNFZUQHAQH-NBIUOXDKSA,R45384390,M99947915,A130560
CCCCCCCCCCCCCCOCCOCCOCCOCCOCCOCCOCCOCCO,,5.05,0.00891,25,,Correlation and prediction of critical micelle concentration using polar surface area and LFER methods,NHHAZFYVKWSFIR-UHFFFAOYSA,R45374517,M13511366,A130538
CCCCCCCCCCCCN(CCCNC(=O)[C@H](O)[C@@H](O)[C@H](OC1OC(CO)C(O)C(O)C1O)[C@H](O)CO)CCN(CCCCCCCCCCCC)CCCNC(=O)[C@H](O)[C@@H](O)[C@H](OC1OC(CO)C(O)C(O)C1O)[C@H](O)CO,bis(C12LA),5.051,0.00889,25,,,KGDVTIMBICSBFR-UUJXXVJSSA,R45374518,M99947278,A130538
CCCCCCCCCCCCCCCC(=O)OCC(O)C(O)C(OC1OC(CO)C(O)C(O)C1O)C(O)CO,C16-Lactitol,5.12,0.00759,25,,,QDHVAJSLNZWMPL-UHFFFAOYSA,R45374519,M97351165,A130538
CC(C)CCCC(C)CCCC(C)CCOC1OC[C@H](O)[C@H](O)[C@H]1O,HHFA_cannonical,5.22184875,0.006,,(solvent:DMSO),https://pubs-rsc-org.aurarialibrary.idm.oclc.org/en/content/articlelanding/2020/RA/D0RA02326D#!divAbstract,ADOPAXMRCIYWBC-XRYGUCRCSA,R45384393,M99947918,A130560
CCCCCCCCCCCCCC=CC(O)C(CO)NC(C)=O,-,5.22184875,0.006,,S - 23,,BLTCBVOJNNKFKC-UHFFFAOYSA,R45404214,M748112,A130644
CCCCCCCCCCCCC\C=C\[C@@H](O)[C@H](CO)NC(C)=O,-,5.235077015,0.00582,,S - 22,,BLTCBVOJNNKFKC-QUDYQQOWSA,R45404213,M347945,A130644
CCCCCCCCCCCCN(CCCNC(=O)[C@H](O)[C@@H](O)[C@H](O)[C@@H](O)[C@@H](O)CO)CCN(CCCCCCCCCCCC)CCCNC(=O)[C@H](O)[C@@H](O)[C@H](O)[C@@H](O)[C@@H](O)CO,bis(C12GH),5.284,0.0052,25,,,VGKHUDLBLARLRD-ZOGIWHKGSA,R45374520,M99947279,A130538
CCCCCCCCCCCCCCCCCC(=O)OCC1(OC2OC(CO)C(O)C(O)C2O)OC(O)C(O)C1O,,5.29,0.00513,25,,Correlation and prediction of critical micelle concentration using polar surface area and LFER methods,BNFQVWUJSZEBEC-UHFFFAOYSA,R45374521,M99890313,A130538
CCCCCCCCCCCCC\C=C\[C@@H](O)[C@H](CO)NC(=O)CCCCC,-,5.302770657,0.00498,,S - 20,,NPRJSFWNFTXXQC-QFWQFVLDSA,R45404211,M361079,A130644
CCCCCCCCCCCCCC=CC(O)C(CO)NC(=O)CCCCC,-,5.30980392,0.0049,,S - 21,,NPRJSFWNFTXXQC-UHFFFAOYSA,R45404212,M3741833,A130644
CC(C)CCCC(C)CCCC(C)CCOC1OCC(O)C(O)C1O,HHFA_MEAN,5.314258261,0.00485,,S - 10,,ADOPAXMRCIYWBC-UHFFFAOYSA,R45404202,M99947329,A130644
CC(C)CCCC(C)CCCC(C)CCOC1O[C@H](CO)[C@@H](O)[C@H](O)[C@@H]1O,HHFMan,5.387216143,0.0041,,(solvent:DMSO),https://pubs-rsc-org.aurarialibrary.idm.oclc.org/en/content/articlelanding/2020/RA/D0RA02326D#!divAbstract,RJDDRNFZUQHAQH-RHCLZDIDSA,R45384391,M99947916,A130560
CCCCCCCCCCCCN(CCCNC(=O)[C@@H](O)[C@H](O)[C@@H](O)[C@@H](O)CO)CCN(CCCCCCCCCCCC)CCCNC(=O)[C@@H](O)[C@H](O)[C@@H](O)[C@@H](O)CO,bis(C12GA),5.42,0.0038,25,,,NMJHEAHCBBAOTR-PQOKVCNJSA,R45374522,M99947280,A130538
CC(C)CCCC(C)CCCC(C)CCOC1OC[C@@H](O)[C@@H](O)[C@@H]1O,HHFA,5.431798276,0.0037,,(solvent:DMSO) (The solution became slightly turbid near the CMC),,ADOPAXMRCIYWBC-CXURWGNMSA,R45384388,M99947913,A130560
CCCCCCCCCCCCCCCOCCOCCOCCOCCOCCOCCOCCOCCO,,5.46,0.00347,25,,Correlation and prediction of critical micelle concentration using polar surface area and LFER methods,TXZCOTWFAODTIK-UHFFFAOYSA,R45374523,M99890276,A130538
CCCCCCCCCCCCCCCCCCN(C)C(=O)C(O)C(O)C(OC1OC(CO)C(O)C(O)C1O)C(O)CO,N-octadecyl-N-Methyl Lactobionamide ,5.5,0.003162278,25,,https://pubs.acs.org/doi/suppl/10.1021/acs.iecr.6b02890/suppl_file/ie6b02890_si_001.pdf,,,,
CCCCCCCCCCCCCCCCOCCOCCOCCOCCOCCOCCOCCOCCOCCOCCOCCOCCO,,5.64,0.00229,25,,Correlation and prediction of critical micelle concentration using polar surface area and LFER methods,DVCJBXDDMHZFDE-UHFFFAOYSA,R45374524,M85182380,A130538
CCCCCCCCCCCCCCCCOCCOCCOCCOCCOCCOCCOCCOCCOCCO,,5.68,0.00209,25,,Correlation and prediction of critical micelle concentration using polar surface area and LFER methods,CSZUWXUVMBXAOG-UHFFFAOYSA,R45374525,M88358784,A130538
CCCCCCCCCCCCCCCCOCCOCCOCCOCCOCCOCCOCCO,,5.77,0.0017,25,,Correlation and prediction of critical micelle concentration using polar surface area and LFER methods,IUFWXADACDFZNB-UHFFFAOYSA,R45374526,M65316393,A130538
CCCCCCCCCCCCCCCCOCCOCCOCCOCCOCCOCCO,,5.78,0.00166,25,,Correlation and prediction of critical micelle concentration using polar surface area and LFER methods,UOFCAQWHTQFNHS-UHFFFAOYSA,R45374527,M13511347,A130538
CCCCCCCCCCCCC\C=C\[C@@H](O)[C@@H](N)CO,,6.0043648,9.9E-04,25,,pH Dependence of Sphingosine Aggregation,WWUZIQQURGPMPG-KRWOKUGFSA,R45374368,M52813,A130538
CC(CCC(=O)N(CCCNC(=O)C(O)C(O)C(O)C(O)CO)CCCNC(=O)C(O)C(O)C(O)C(O)CO)C1CCC2C3C(O)CC4CC(O)CCC4(C)C3CC(O)C12C,,2.5376,2.9,25,,Anatrace Catalogue,ZWEVPYNPHSPIFU-UHFFFAOYSA,R45374428,M65041769,A130538
